{
  "project_info": {
    "project_number": "1060222965214",
    "firebase_url": "https://anet-2d249.firebaseio.com",
    "project_id": "anet-2d249",
    "storage_bucket": "anet-2d249.appspot.com"
  },
  "client": [
    {
      "client_info": {
        "mobilesdk_app_id": "1:1060222965214:android:0bc502a075c608c6f0f94f",
        "android_client_info": {
          "package_name": "s.anet.anet"
        }
      },
      "oauth_client": [
        {
          "client_id": "1060222965214-18tv89la7gv2vjt1k03948ggcm4skl8e.apps.googleusercontent.com",
          "client_type": 3
        }
      ],
      "api_key": [
        {
          "current_key": "AIzaSyDDSHl76xeo1q_uk3t8lWRdAkrXdQ9uHLk"
        }
      ],
      "services": {
        "appinvite_service": {
          "other_platform_oauth_client": [
            {
              "client_id": "1060222965214-18tv89la7gv2vjt1k03948ggcm4skl8e.apps.googleusercontent.com",
              "client_type": 3
            }
          ]
        }
      }
    }
  ],
  "configuration_version": "1"
}