[
  {
    "featureType": "all",
    "elementType": "labels.text.fill",
    "stylers": [
      {
        "color": "#ffffff"
      }
    ]
  },
  {
    "featureType": "all",
    "elementType": "labels.text.stroke",
    "stylers": [
      {
        "visibility": "off"
      }
    ]
  },
  {
    "featureType": "all",
    "elementType": "labels.icon",
    "stylers": [
      {
        "visibility": "on"
      }
    ]
  },
  {
    "featureType": "administrative",
    "elementType": "geometry.fill",
    "stylers": [
      {
        "color": "#c9323b"
      }
    ]
  },
  {
    "featureType": "administrative",
    "elementType": "geometry.stroke",
    "stylers": [
      {
        "color": "#c9323b"
      },
      {
        "weight": 1.2
      }
    ]
  },
  {
    "featureType": "administrative.locality",
    "elementType": "geometry.fill",
    "stylers": [
      {
        "lightness": "-1"
      }
    ]
  },
  {
    "featureType": "administrative.neighborhood",
    "elementType": "labels.text.fill",
    "stylers": [
      {
        "lightness": "0"
      },
      {
        "saturation": "0"
      }
    ]
  },
  {
    "featureType": "administrative.neighborhood",
    "elementType": "labels.text.stroke",
    "stylers": [
      {
        "weight": "0.01"
      }
    ]
  },
  {
    "featureType": "administrative.land_parcel",
    "elementType": "labels.text.stroke",
    "stylers": [
      {
        "weight": "0.01"
      }
    ]
  },
  {
    "featureType": "landscape",
    "elementType": "geometry",
    "stylers": [
      {
        "color": "#c9323b"
      }
    ]
  },
  {
    "featureType": "poi",
    "elementType": "geometry",
    "stylers": [
      {
        "color": "#99282f"
      }
    ]
  },
  {
    "featureType": "road",
    "elementType": "geometry.stroke",
    "stylers": [
      {
        "visibility": "off"
      }
    ]
  },
  {
    "featureType": "road.highway",
    "elementType": "geometry.fill",
    "stylers": [
      {
        "color": "#99282f"
      }
    ]
  },
  {
    "featureType": "road.highway.controlled_access",
    "elementType": "geometry.stroke",
    "stylers": [
      {
        "color": "#99282f"
      }
    ]
  },
  {
    "featureType": "road.arterial",
    "elementType": "geometry",
    "stylers": [
      {
        "color": "#99282f"
      }
    ]
  },
  {
    "featureType": "road.local",
    "elementType": "geometry",
    "stylers": [
      {
        "color": "#99282f"
      }
    ]
  },
  {
    "featureType": "transit",
    "elementType": "geometry",
    "stylers": [
      {
        "color": "#99282f"
      }
    ]
  },
  {
    "featureType": "water",
    "elementType": "geometry",
    "stylers": [
      {
        "color": "#090228"
      }
    ]
  }
]
